,domain
201,discord.com
202,google.co.in
203,hwcdn.net
204,instructure.com
205,opendns.com
206,weebly.com
207,wixsite.com
208,wikimedia.org
209,adnxs.com
210,pixiv.net
211,hp.com
212,dell.com
213,cdc.gov
214,alibaba.com
215,googlesyndication.com
216,nginx.org
217,washingtonpost.com
218,rackspace.net
219,teamviewer.com
220,cisco.com
221,wsdvs.com
222,azureedge.net
223,mit.edu
224,feishu.cn
225,harvard.edu
226,google.de
227,ytimg.com
228,linktr.ee
229,dailymail.co.uk
230,atlassian.net
231,reuters.com
232,wiley.com
233,nginx.com
234,att.com
235,xcal.tv
236,samsung.com
237,amazonvideo.com
238,edgesuite.net
239,cedexis.net
240,wix.com
241,behance.net
242,msn.cn
243,a2z.com
244,tinyurl.com
245,bloomberg.com
246,walmart.com
247,jomodns.com
248,okta.com
249,wsj.com
250,alipay.com
251,ally.com
252,go.com
253,google.co.uk
254,name-services.com
255,jianshu.com
256,stripe.com
257,springer.com
258,blogger.com
259,googleadservices.com
260,userapi.com
261,ilovepdf.com
262,youtube-nocookie.com
263,www.gov.uk
264,websiteregain.com
265,nature.com
266,demdex.net
267,doi.org
268,elasticbeanstalk.com
269,att.net
270,ford.com
271,akamaihd.net
272,unsplash.com
273,php.net
274,consultant.ru
275,businessinsider.com
276,hubspot.com
277,youku.com
278,salesforceliveagent.com
279,rambler.ru
280,ok.ru
281,un.org
282,cnbc.com
283,dscreens.ru
284,wp.com
285,godaddy.com
286,2mdn.net
287,mediafire.com
288,windows.com
289,stanford.edu
290,slideshare.net
291,weather.com
292,rackspace.com
293,shifen.com
294,app-measurement.com
295,whatsapp.net
296,onlyfans.com
297,trello.com
298,avito.ru
299,namu.wiki
300,list-manage.com
301,kaspersky.com
302,reg.ru
303,espn.com
304,wildberries.ru
305,edgecdn.ru
306,xiaohongshu.com
307,manitu.net
308,dailymotion.com
309,pki.goog
310,flipkart.com
311,gnu.org
312,criteo.com
313,nasa.gov
314,unity3d.com
315,figma.com
316,3dmgame.com
317,ozon.ru
318,line.me
319,hichina.com
320,cdn77.org
321,sogou.com
322,grammarly.com
323,amazon-adsystem.com
324,cnki.net
325,eventbrite.com
326,ohthree.com
327,fiverr.com
328,aol.com
329,w3schools.com
330,hao123.com
331,ampproject.org
332,beeline.ru
333,t-msedge.net
334,deviantart.com
335,fc2.com
336,so.com
337,digitalocean.com
338,ft.com
339,usatoday.com
340,google.co.jp
341,indiatimes.com
342,xiaomi.com
343,hostgator.com
344,herokudns.com
345,snapchat.com
346,npr.org
347,tistory.com
348,hupu.com
349,aliyuncs.com
350,dnsowl.com
351,pixabay.com
352,youdao.com
353,aa.com
354,cnet.com
355,akamaized.net
356,mcafee.com
357,rakuten.co.jp
358,gosuslugi.ru
359,foxnews.com
360,cpanel.net
361,chaturbate.com
362,time.com
363,surveymonkey.com
364,ca.gov
365,smzdm.com
366,notion.so
367,udemy.com
368,telegraph.co.uk
369,bytefcdn-oversea.com
370,toutiao.com
371,eastmoney.com
372,mega.nz
373,azure-dns.com
374,rbxcdn.com
375,goodreads.com
376,akam.net
377,scribd.com
378,g.page
379,cdngslb.com
380,yelp.com
381,52pojie.cn
382,sentry.io
383,statista.com
384,b-cdn.net
385,trustpilot.com
386,webmd.com
387,casalemedia.com
388,adobe.io
389,realsrv.com
390,ted.com
391,binance.com
392,themeforest.net
393,typeform.com
394,amazon.de
395,tds.net
396,adriver.ru
397,shutterstock.com
398,mi.com
399,igodigital.com
400,wired.com